{
  "id": "3454770",
  "name": "wgh",
  "font_family": "iconfont",
  "css_prefix_text": "icon-",
  "description": "",
  "glyphs": [
    {
      "icon_id": "3757387",
      "name": "党建",
      "font_class": "dangjian-",
      "unicode": "e601",
      "unicode_decimal": 58881
    },
    {
      "icon_id": "6077724",
      "name": "房屋",
      "font_class": "fangwu",
      "unicode": "e61d",
      "unicode_decimal": 58909
    },
    {
      "icon_id": "7577319",
      "name": "24gf-appsBig4",
      "font_class": "24gf-appsBig4",
      "unicode": "e9bf",
      "unicode_decimal": 59839
    },
    {
      "icon_id": "9171616",
      "name": "部件",
      "font_class": "bujian",
      "unicode": "e6d1",
      "unicode_decimal": 59089
    },
    {
      "icon_id": "10704462",
      "name": "部件",
      "font_class": "bujian1",
      "unicode": "e61b",
      "unicode_decimal": 58907
    },
    {
      "icon_id": "17592734",
      "name": "党建",
      "font_class": "dangjian",
      "unicode": "e64d",
      "unicode_decimal": 58957
    },
    {
      "icon_id": "19430689",
      "name": "防疫",
      "font_class": "fangyi",
      "unicode": "e638",
      "unicode_decimal": 58936
    },
    {
      "icon_id": "20603241",
      "name": "整体图标svg_人口",
      "font_class": "zhengtitubiaosvg_renkou",
      "unicode": "e632",
      "unicode_decimal": 58930
    },
    {
      "icon_id": "22533633",
      "name": "地图",
      "font_class": "ditu",
      "unicode": "e62b",
      "unicode_decimal": 58923
    },
    {
      "icon_id": "28817328",
      "name": "私营企业",
      "font_class": "siyingqiye",
      "unicode": "e665",
      "unicode_decimal": 58981
    }
  ]
}
